HS10 Code,HS10 Code Formatted,HS10 Date Key,HS10 Start Date,HS10 End Date,Unit of Measure,HS10 UOM Date Key,UOM Start Date,UOM End Date,HS10 English Description,HS10 French Description
5101110000,5101.11.00.00,5101.11.00.00 (1988-01/9999-12),198801,999912,KGM,KGM (1988-01/9999-12),198801,999912,"Greasy shorn wool, not carded or combed","Laines de tonte en suint, non cardées ni peignées"
5101190000,5101.19.00.00,5101.19.00.00 (1988-01/9999-12),198801,999912,KGM,KGM (1988-01/9999-12),198801,999912,"Greasy wool, other than shorn wool, not carded or combed","Laines en suint, a/q de tonte, non cardées ni peignées"
5101210000,5101.21.00.00,5101.21.00.00 (1988-01/9999-12),198801,999912,KGM,KGM (1988-01/9999-12),198801,999912,"Degreased shorn wool, not carded, combed or carbonized","Laines de tonte dégraissées, non cardées, peignées ni carbonisées"
5101290000,5101.29.00.00,5101.29.00.00 (1988-01/9999-12),198801,999912,KGM,KGM (1988-01/9999-12),198801,999912,"Degreased wool, other than shorn wool, not carded, combed or carbonized","Laines dégraissées, a/q de tonte, non cardées, peignées ni carbonisées"
5101300000,5101.30.00.00,5101.30.00.00 (1988-01/9999-12),198801,999912,KGM,KGM (1988-01/9999-12),198801,999912,"Carbonized wool, not carded or combed","Laines carbonisées, non cardées ni peignées"
5102100000,5102.10.00.00,5102.10.00.00 (1988-01/2001-12),198801,200112,KGM,KGM (1988-01/2001-12),198801,200112,"Fine animal hair, not carded or combed","Poils fins, non cardés ni peignés"
5102110000,5102.11.00.00,5102.11.00.00 (2002-01/9999-12),200201,999912,KGM,KGM (2002-01/9999-12),200201,999912,"Fine animal hair of Kashmir (cashmere) goats, not carded or combed","Poils fins de chèvre de Cachemire, non cardés ni peignés"
5102190000,5102.19.00.00,5102.19.00.00 (2002-01/9999-12),200201,999912,KGM,KGM (2002-01/9999-12),200201,999912,"Fine animal hair, not carded or combed, nes","Poils fins, non cardés ni peignés, nda"
5102200000,5102.20.00.00,5102.20.00.00 (1988-01/9999-12),198801,999912,KGM,KGM (1988-01/9999-12),198801,999912,"Coarse animal hair, not carded or combed","Poils grossiers, non cardés ni peignés"
5103100000,5103.10.00.00,5103.10.00.00 (1992-01/9999-12),199201,999912,KGM,KGM (1992-01/9999-12),199201,999912,Noils of wool or fine animal hair,Blousses de laine ou de poils fins
5103100010,5103.10.00.10,5103.10.00.10 (1988-01/1991-12),198801,199112,KGM,KGM (1988-01/1991-12),198801,199112,Noils of wool,Blousses de laine
5103100020,5103.10.00.20,5103.10.00.20 (1988-01/1991-12),198801,199112,KGM,KGM (1988-01/1991-12),198801,199112,Noils of fine animal hair,Blousses de poils fins
5103200000,5103.20.00.00,5103.20.00.00 (1988-01/9999-12),198801,999912,KGM,KGM (1988-01/9999-12),198801,999912,"Waste, other than noils, of wool or of fine animal hair,o/t garnetted stock","Déchets, a/q blousses, de laine ou de poils fins, a/q les effilochés"
5103300000,5103.30.00.00,5103.30.00.00 (1988-01/9999-12),198801,999912,KGM,KGM (1988-01/9999-12),198801,999912,"Waste of coarse animal hair, o/t garnetted stock","Déchets de poils grossiers, a/q les effilochés"
5104000000,5104.00.00.00,5104.00.00.00 (1992-01/9999-12),199201,999912,KGM,KGM (1992-01/9999-12),199201,999912,Garnetted stock of wool or of fine or coarse animal hair,Effilochés de laine ou de poils fins ou grossiers
5104000010,5104.00.00.10,5104.00.00.10 (1988-01/1991-12),198801,199112,KGM,KGM (1988-01/1991-12),198801,199112,Garnetted stock of wool,Éffilochés de laine
5104000020,5104.00.00.20,5104.00.00.20 (1988-01/1991-12),198801,199112,KGM,KGM (1988-01/1991-12),198801,199112,Garnetted stock of fine or coarse animal hair,Éffilochés de poils fins ou grossiers
5105100000,5105.10.00.00,5105.10.00.00 (2005-12/9999-12),200512,999912,KGM,KGM (2005-12/9999-12),200512,999912,Carded wool,Laine cardée
5105101000,5105.10.10.00,5105.10.10.00 (1988-01/2005-11),198801,200511,KGM,KGM (1988-01/2005-11),198801,200511,Carded wool slivers,Laine cardée en rubans de préparation
5105109000,5105.10.90.00,5105.10.90.00 (1988-01/2005-11),198801,200511,KGM,KGM (1988-01/2005-11),198801,200511,Carded wool excluding slivers,"Laine cardée, a/q en rubans de préparation"
5105210000,5105.21.00.00,5105.21.00.00 (1988-01/9999-12),198801,999912,KGM,KGM (1988-01/9999-12),198801,999912,Combed wool in fragments,"Laine peignée, en vrac"
5105290000,5105.29.00.00,5105.29.00.00 (2005-12/9999-12),200512,999912,KGM,KGM (2005-12/9999-12),200512,999912,Wool tops and other combed wool,"Laine peignée, autre que laine peignée en vrac"
5105291000,5105.29.10.00,5105.29.10.00 (1988-01/2005-11),198801,200511,KGM,KGM (1988-01/2005-11),198801,200511,"Combed wool slivers, including tops","Rubans de préparation de laine peignée, incl ""tops"""
5105299000,5105.29.90.00,5105.29.90.00 (1988-01/2005-11),198801,200511,KGM,KGM (1988-01/2005-11),198801,200511,"Wool tops and other combed wool, excluding combed wool in fragments","Boules, ""tops"", de laines peignées, a/q ""laine peignée en vrac"""
5105301000,5105.30.10.00,5105.30.10.00 (1988-01/2001-12),198801,200112,KGM,KGM (1988-01/2001-12),198801,200112,"Fine animal hair, carded or combed slivers, including tops","Poils fins en rubans de préparation, cardés ou peignés, incl ""tops"""
5105309000,5105.30.90.00,5105.30.90.00 (1988-01/2001-12),198801,200112,KGM,KGM (1988-01/2001-12),198801,200112,"Fine animal hair, carded or combed, excluding slivers and tops","Poils fins, cardés ou peignés, a/q poils fins en ruban de préparation et ""tops"""
5105310000,5105.31.00.00,5105.31.00.00 (2005-12/9999-12),200512,999912,KGM,KGM (2005-12/9999-12),200512,999912,"Fine animal hair of Kashmir goats, carded/combed","Poils fins de chèvre de Cachemire, cardés/peig"
5105311000,5105.31.10.00,5105.31.10.00 (2002-01/2005-11),200201,200511,KGM,KGM (2002-01/2005-11),200201,200511,"Fine animal hair of Kashmir goats, carded/combed, slivers, including tops","Poils fins de chèvre de Cachemire,cardés/peignés,en rubans de prép,incl ""tops"""
5105319000,5105.31.90.00,5105.31.90.00 (2002-01/2005-11),200201,200511,KGM,KGM (2002-01/2005-11),200201,200511,"Fine animal hair of Kashmir goats, carded/combed, o/t slivers and tops","Poils fins de chèvre de Cachemire, cardés/peig, a/q en rubans de prép et ""tops"""
5105390000,5105.39.00.00,5105.39.00.00 (2005-12/9999-12),200512,999912,KGM,KGM (2005-12/9999-12),200512,999912,"Fine animal hair, o/t Kashmir goats, carded or combed","Poils fins, a/q chèvre Cachemire, cardés/peignés"
5105391000,5105.39.10.00,5105.39.10.00 (2002-01/2005-11),200201,200511,KGM,KGM (2002-01/2005-11),200201,200511,"Fine animal hair, o/t Kashmir goats, carded or combed, slivers, including tops","Poils fins (a/q chèvre Cachemire),cardés/peignés,en rubans de prép,incl ""tops"""
5105399000,5105.39.90.00,5105.39.90.00 (2002-01/2005-11),200201,200511,KGM,KGM (2002-01/2005-11),200201,200511,"Fine animal hair, o/t Kashmir goats, carded/combed, excluding slivers and tops","Poils fins,a/q chèvre Cachemire,cardés/peignés,a/q en ruban de prép & ""tops"""
5105400000,5105.40.00.00,5105.40.00.00 (2005-12/9999-12),200512,999912,KGM,KGM (2005-12/9999-12),200512,999912,"Coarse animal hair, carded or combed","Poils grossiers, cardés ou peignés"
5105401000,5105.40.10.00,5105.40.10.00 (1988-01/2005-11),198801,200511,KGM,KGM (1988-01/2005-11),198801,200511,"Coarse animal hair, carded or combed slivers, including tops","Poils grossiers en rubans de préparation, cardés ou peignés,incl ""tops"""
5105409000,5105.40.90.00,5105.40.90.00 (1988-01/2005-11),198801,200511,KGM,KGM (1988-01/2005-11),198801,200511,"Coarse animal hair, carded or combed, excluding slivers and tops","Poils grossiers, cardés ou peignés, a/q en rubans de préparation et ""tops"""
5106100000,5106.10.00.00,5106.10.00.00 (2019-01/9999-12),201901,999912,KGM,KGM (2019-01/9999-12),201901,999912,"Yarn of carded wool,>=85% by weight of wool, not put up for retail sale","Fils de laine cardée, >= 85% en poids de laine, non cond pour la vente au détail"
5106100010,5106.10.00.10,5106.10.00.10 (1988-01/2007-12),198801,200712,KGM,KGM (1988-01/2007-12),198801,200712,"Carpet yarn of carded wool,>=85% by weight of wool, not put up for retail sale","Fils de laine cardée pour tapis,>=85% de laine en poids,a/q pour vente au détail"
5106100090,5106.10.00.90,5106.10.00.90 (1988-01/2007-12),198801,200712,KGM,KGM (1988-01/2007-12),198801,200712,"Yarn of carded wool,except carpet,>=85% by weight of wool,not for retail sale","Fils de laine cardée,a/q pour tapis,>=85% de laine en pds,a/q pr vente au détail"
5106101000,5106.10.10.00,5106.10.10.00 (2008-01/2018-12),200801,201812,KGM,KGM (2008-01/2018-12),200801,201812,"Yarn card wool,o/t carpet,>= 85% wt wool,nfrs,use mfr berets and o felt headgear","Fils laine card,a/q tapis,>= 85% laine,ncpv,fab bérets et au coiffures feut mou"
5106109000,5106.10.90.00,5106.10.90.00 (2012-01/2018-12),201201,201812,KGM,KGM (2012-01/2018-12),201201,201812,"Yarn of carded wool, >= 85% weight of wool, not for retail sale, nes","Fils de laine cardée, >= 85% laine en poids, a/q pour vente au détail, nda"
5106109010,5106.10.90.10,5106.10.90.10 (2008-01/2011-12),200801,201112,KGM,KGM (2008-01/2011-12),200801,201112,"Carpet yarn of carded wool,>= 85% by weight of wool, not put up for retail sale","Fils de laine cardée pour tapis,>= 85% de laine en pds,a/q pr vente au détail"
5106109090,5106.10.90.90,5106.10.90.90 (2008-01/2011-12),200801,201112,KGM,KGM (2008-01/2011-12),200801,201112,"Yarn of carded wool,except carpet,>= 85% weight of wool,not for retail sale,nes","Fils de laine cardée,a/q pr tapis,>= 85% laine en pds,a/q pr vente au détail,nda"
5106200000,5106.20.00.00,5106.20.00.00 (2012-01/9999-12),201201,999912,KGM,KGM (2012-01/9999-12),201201,999912,"Yarn of carded, wool, <85% by weight of wool, not put up for retail sale","Fils de laine cardée, < 85% en poids de laine, non cond pour la vente au détail"
5106200010,5106.20.00.10,5106.20.00.10 (1988-01/2011-12),198801,201112,KGM,KGM (1988-01/2011-12),198801,201112,"Yarn of carded wool mixed solely w m/m fibres,<85% by wt of wool,not retail sale","Fils de laine cardée mél seul avec fib syn,<85% laine en pds,a/q pr vente détail"
5106200090,5106.20.00.90,5106.20.00.90 (1988-01/2011-12),198801,201112,KGM,KGM (1988-01/2011-12),198801,201112,"Yarn of carded wool,<85% by weight of wool, not for retail sale, nes","Fils de laine cardée, <85% de laine en poids, a/q pour vente au détail, nda"
5107100000,5107.10.00.00,5107.10.00.00 (2019-01/9999-12),201901,999912,KGM,KGM (2019-01/9999-12),201901,999912,"Yarn of combed wool,>=85% by weight of wool, not put up for retail sale","Fils de laine peignée,>= 85% en poids de laine, non cond pour la vente au détail"
5107100010,5107.10.00.10,5107.10.00.10 (1988-01/1994-12),198801,199412,KGM,KGM (1988-01/1994-12),198801,199412,"Yarn of combed wool,>=85% by weight of wool, for apparel, not for retail sale","Fils de laine peignée,>=85% de laine en pds,pour vêtements,a/q pr vente au détail"
5107100020,5107.10.00.20,5107.10.00.20 (1988-01/1994-12),198801,199412,KGM,KGM (1988-01/1994-12),198801,199412,"Yarn of combed wool,>=85% by weight of wool,for non-apparel, not for retail sale","Fils de laine peignée,>=85% de laine en pds,a/q pr vêtements,a/q pr vente détail"
5107101000,5107.10.10.00,5107.10.10.00 (2012-01/2018-12),201201,201812,KGM,KGM (2012-01/2018-12),201201,201812,"Yarn of combed wool >=85% by wt of wool, unbl/bl,not ret sale,use in mfr wov fab","Fil de laine peignée,>=85% de laine,écr/bl, a/q vente détail, dev ser fab tissus"
5107101010,5107.10.10.10,5107.10.10.10 (1995-01/2011-12),199501,201112,KGM,KGM (1995-01/2011-12),199501,201112,Yarn of combed wool>=85% for apparel n colrd for mfr wov fab not ret sale,"F de laine peignée,>=85% pour les vêtem n teints fab des tissés a/q vente détail"
5107101020,5107.10.10.20,5107.10.10.20 (1995-01/2011-12),199501,201112,KGM,KGM (1995-01/2011-12),199501,201112,Yarn of combed wool>=85% n apparel n colrd for mfr of wov fab not for ret sale,"F de laine peignée,>=85% a/q les vêtem n teints fab des tissés a/q vente détail"
5107109000,5107.10.90.00,5107.10.90.00 (2012-01/2018-12),201201,201812,KGM,KGM (2012-01/2018-12),201201,201812,"Yarn of combed wool >=85% by weight of wool, not put up for retail sale, nes","Fils de laine peignée, >=85% poids de laine, non cond pr la vente au détail, nda"
5107109010,5107.10.90.10,5107.10.90.10 (1995-01/2011-12),199501,201112,KGM,KGM (1995-01/2011-12),199501,201112,"Yarn of combed wool >=85% by wt of wool,for apparel,n put up for retail sale,nes","Fils de laine peignée,>=85% pds de laine,pour vêtements,a/q vente au détail,nda"
5107109020,5107.10.90.20,5107.10.90.20 (1995-01/2011-12),199501,201112,KGM,KGM (1995-01/2011-12),199501,201112,Yarn of combed wool>=85% by wt of wool non app not put up for retail sale nes,"F de laine peignée,>=85% en pds de laine a/q pr vêtem a/q vente au détail nda"
5107200000,5107.20.00.00,5107.20.00.00 (2019-01/9999-12),201901,999912,KGM,KGM (2019-01/9999-12),201901,999912,"Yarn of combed wool, <85% by weight of wool, not put up for retail sale","Fils de laine peignée, < 85% en poids de laine, non cond pour la vente au détail"
5107200011,5107.20.00.11,5107.20.00.11 (1988-01/1994-12),198801,199412,KGM,KGM (1988-01/1994-12),198801,199412,"Yarn of combed wool,<85% wt of wool,mxd solely w polyesters,not for retail sale","Fils de laine peignée,<85% laine en pds,mél seul avec polyesters,a/q vente dét"
5107200019,5107.20.00.19,5107.20.00.19 (1988-01/1994-12),198801,199412,KGM,KGM (1988-01/1994-12),198801,199412,"Yarn combed wool,<85% by wt of wool,mxd solely w m-m fib nes,not for retail sale","Fils laine peignée,<85% laine pds,mél seul avec fib syn/arti nda,a/q vente dét"
5107200090,5107.20.00.90,5107.20.00.90 (1988-01/1994-12),198801,199412,KGM,KGM (1988-01/1994-12),198801,199412,"Yarn of combed wool,<85% by weight of wool,nes not for retail sale","Fils de laine peignée, <85% de laine en poids, nda, a/q pour vente au détail"
5107201000,5107.20.10.00,5107.20.10.00 (2012-01/2018-12),201201,201812,KGM,KGM (2012-01/2018-12),201201,201812,"Yarn,solely of combed wool&polyester,<65% wt of wool,unbl/bl,mfr wov fab,nfrs","Fil,unique laine peignépolyester,<65%pds laine,écr/bl,fab tissu,a/q vente détail"
5107201010,5107.20.10.10,5107.20.10.10 (1998-01/2011-12),199801,201112,KGM,KGM (1998-01/2011-12),199801,201112,"Yarn comb wool <65% wt wool mix sole w polyes not for retail sale,mfr woven fab","Fils de laine peigné <65% poids laine unique a polyes a/q vente détail,fab tissu"
5107201011,5107.20.10.11,5107.20.10.11 (1995-01/1997-12),199501,199712,KGM,KGM (1995-01/1997-12),199501,199712,"Yarn of combed wool, <85% n colrd mxd sole w polyes, mfg wov fab, not for ret","F de laine peignée, <85% n teints u/a polyes fab des tissés a/q vente au détail"
5107201019,5107.20.10.19,5107.20.10.19 (1995-01/1997-12),199501,199712,KGM,KGM (1995-01/1997-12),199501,199712,"Yarn of combed wool, <85% n colrd mxd sole w m-m fib mfr of wov fab n ret nes","F de laine peigné, <85% n teints u/a des fib syn fab des tissé a/q vente dét nda"
5107201090,5107.20.10.90,5107.20.10.90 (1995-01/1997-12),199501,199712,KGM,KGM (1995-01/1997-12),199501,199712,"Other yarn of combed wool, <85% by wt of wool, n clrd mfr wov fab n retail nes","Autres f de laine peignée, <85% n teints fab des tissés a/q vente au détail nda"
5107201091,5107.20.10.91,5107.20.10.91 (1998-01/2011-12),199801,201112,KGM,KGM (1998-01/2011-12),199801,201112,"Yarn of combed wool,<85% n colrd mxd sole w polyes,mfr wov fab, not for ret,nes","Fils laine peigné,<85% n teints u/a polyes fab de tissé a/q vente au détail,nda"
5107201092,5107.20.10.92,5107.20.10.92 (1998-01/2011-12),199801,201112,KGM,KGM (1998-01/2011-12),199801,201112,"Yarn of combed wool, <85% n colrd mxd sole w m-m fib mfr of wov fab, n ret, nes","F de laine peigné, <85% n teints u a des fib syn fab des tissé,a/q vente dét,nda"
5107201099,5107.20.10.99,5107.20.10.99 (1998-01/2011-12),199801,201112,KGM,KGM (1998-01/2011-12),199801,201112,"Other yarn of combed wool, <85% by wt of wool, n clrd mfr wov fab n retail nes","Autres f de laine peignée, <85% n teints fab des tissés a/q vente au détail nda"
5107209000,5107.20.90.00,5107.20.90.00 (2012-01/2018-12),201201,201812,KGM,KGM (2012-01/2018-12),201201,201812,"Other yarn of combed wool <85% by wt of wool, not put up for retail sale, nes","Autres fils de laine peignée <85% en poids de laine, a/q pr vente au détail, nda"
5107209010,5107.20.90.10,5107.20.90.10 (1998-01/2011-12),199801,201112,KGM,KGM (1998-01/2011-12),199801,201112,"Yarn of combed wool <85% wt of wool mixed solely w polyes n for retail sale,nes","Fils laine peigné <85% poids de laine unique a polyes a/q vente au détail, nda"
5107209011,5107.20.90.11,5107.20.90.11 (1995-01/1997-12),199501,199712,KGM,KGM (1995-01/1997-12),199501,199712,Yarn of combed wool <85% by wt of wool mixed solely w polyes not for retail sale,Fils de laine peignée <85% en poids de laine unique a polyes a/q vente au détail
5107209019,5107.20.90.19,5107.20.90.19 (1995-01/1997-12),199501,199712,KGM,KGM (1995-01/1997-12),199501,199712,"Yarn of combed wool <85% by wt of wool, mxd sole w/m-m fib not retail sale nes","Fils de laine peignée,<85% en pds de laine unique avec fib syn a/q vente dét nda"
5107209020,5107.20.90.20,5107.20.90.20 (1998-01/2011-12),199801,201112,KGM,KGM (1998-01/2011-12),199801,201112,"Yarn of combed wool <85% by wt of wool, mxd sole w/m-m fib not retail sale nes","Fils de laine peignée,<85% en pds de laine unique avec fib syn a/q vente dét nda"
5107209090,5107.20.90.90,5107.20.90.90 (1995-01/2011-12),199501,201112,KGM,KGM (1995-01/2011-12),199501,201112,"Other yarn of combed wool <85% by wt of wool, not put up for retail sale, nes","Autres fils de laine peignée <85% en pds de laine, a/q pr vente au détail, nda"
5108100000,5108.10.00.00,5108.10.00.00 (2005-12/9999-12),200512,999912,KGM,KGM (2005-12/9999-12),200512,999912,"Yarn of fine animal hair, carded, not put up for retail sale","Fils de poils fins, cardés, non conditionnés pour la vente au détail"
5108101000,5108.10.10.00,5108.10.10.00 (1988-01/2005-11),198801,200511,KGM,KGM (1988-01/2005-11),198801,200511,"Yarn of fine animal hair,carded,cont>=50% wt of hair,not for retail sale","Fils de poils fins, cardés, cont>=50% de poils en pds, a/q pour vente au détail"
5108102000,5108.10.20.00,5108.10.20.00 (1988-01/2005-11),198801,200511,KGM,KGM (1988-01/2005-11),198801,200511,"Yarn of fine animal hair,carded,cont <50% by weight of hair,not for retail sale","Fils de poils fins, cardés, cont <50% de poils en pds, a/q pour vente au détail"
5108200000,5108.20.00.00,5108.20.00.00 (2005-12/9999-12),200512,999912,KGM,KGM (2005-12/9999-12),200512,999912,"Yarn of fine animal hair, combed, not put up for retail sale","Fils de poils fins, peignés, non conditionés pour la vente au détail"
5108201000,5108.20.10.00,5108.20.10.00 (1988-01/2005-11),198801,200511,KGM,KGM (1988-01/2005-11),198801,200511,"Yarn of fine animal hair,combed,cont>=50% by weight of hair,not for retail sale","Fils de poils fins, peignés, cont>=50% de poils en pds, a/q pour vente au détail"
5108202000,5108.20.20.00,5108.20.20.00 (1988-01/2005-11),198801,200511,KGM,KGM (1988-01/2005-11),198801,200511,"Yarn of fine animal hair,combed,cont <50% by weight of hair,not for retail sale","Fils de poils fins, peignés, cont <50% de poils en pds, a/q pour vente au détail"
5109100010,5109.10.00.10,5109.10.00.10 (1988-01/9999-12),198801,999912,KGM,KGM (1988-01/9999-12),198801,999912,"Yarn of wool, containing>=85% by weight of wool, put up for retail sale","Fils de laine,contenant>=85% de laine en poids,conditionnés pour vente au détail"
5109100020,5109.10.00.20,5109.10.00.20 (1988-01/9999-12),198801,999912,KGM,KGM (1988-01/9999-12),198801,999912,"Yarn of fine animal hair, cont>=85% by wt of fine animal hair, for retail sale","Fils de poils fins, contenant>=85% de poils fins en poids, pour vente au détail"
5109900000,5109.90.00.00,5109.90.00.00 (1988-01/9999-12),198801,999912,KGM,KGM (1988-01/9999-12),198801,999912,"Yarn of wool/fine animal hair,<85% by wt of such fibres,put up for retail sale","Fils de laine ou de poils fins,<85% de ces fibres en pds,cond pr vente au détail"
5110000000,5110.00.00.00,5110.00.00.00 (1988-01/9999-12),198801,999912,KGM,KGM (1988-01/9999-12),198801,999912,"Yarn of coarse animal hair/of horsehair,incl grimped, w/n put up for retail sale","Fils de poils grossiers ou de crin, incl guipés, même cond pour vente au détail"
5111110000,5111.11.00.00,5111.11.00.00 (2019-01/9999-12),201901,999912,KGM,KGM (2019-01/9999-12),201901,999912,"Woven fabrics,of carded wool/fine animal hair,>=85% by wt wool/hair, <= 300 g/m_","Tissus,de laine cardés/poils fins cardés, >= 85% en pds laine/poils, <= 300 g/m_"
5111111000,5111.11.10.00,5111.11.10.00 (2005-12/2018-12),200512,201812,KGM,KGM (2005-12/2018-12),200512,201812,"Wov fab carded wool/fine animal hair,>=85% wt wool/hair,wt<=300 g/m_,for hat/cap","Tissus de laine/poils fins cardés,>=85% laine/poils en pds,<=300 g/m_,pr chapeau"
5111111010,5111.11.10.10,5111.11.10.10 (1988-01/1997-12),198801,199712,KGM,KGM (1988-01/1997-12),198801,199712,"Woven fab carded wool/fine animal hair,>=85% wt wool/hair,wt<=135g/m_,for apparel","Tissus de laine/poils fins cardés,>=85% laine/poils en pds,<=135g/m_,pr vêtements"
5111111010,5111.11.10.10,5111.11.10.10 (1998-01/2005-11),199801,200511,KGM,KGM (1998-01/2005-11),199801,200511,"Wov fab carded wool/fine animal hair,>=85% wt wool/hair,wt<=300 g/m_,for hat/cap","Tissus de laine/poils fins cardés,>=85% laine/poils en pds,<=300 g/m_,pr chapeau"
5111111020,5111.11.10.20,5111.11.10.20 (1988-01/1997-12),198801,199712,KGM,KGM (1988-01/1997-12),198801,199712,"Woven fab carded wool/fine animal hair,>=85% wt wool/hair,<=135g/m_,for n-apparel","Tissus de laine/poils fins cardés,>=85% laine/poils en pds,<=135g/m_,a/q pr vêtem"
5111111020,5111.11.10.20,5111.11.10.20 (1998-01/2005-11),199801,200511,KGM,KGM (1998-01/2005-11),199801,200511,"O hand woven tweed fab card wool/fine anml hair,>=85% wt wool/hair,<=300g/m_,etc","Aut tissus tweed de laine/poils fins cardés,>=85% laine/poils en pds,<=300g/m_,etc"
5111111030,5111.11.10.30,5111.11.10.30 (1999-01/2005-11),199901,200511,KGM,KGM (1999-01/2005-11),199901,200511,"Wov fab>=95% card y virgin wool/fine anml hair,<=300 g/m_,f men tailor overcoat","Tis,>=95% f card laine vierge/poil d'ani fin,<=300 g/m_,pr fab manteau coupe hom"
5111111090,5111.11.10.90,5111.11.10.90 (1998-01/1998-12),199801,199812,KGM,KGM (1998-01/1998-12),199801,199812,"Wov fab>=95% card y virgin wool/fine anml hair,<=300 g/m_,f men tailor overcoat","Tis,>=95% f card laine vierge/poil d'ani fin,<=300 g/m_,pr fab manteau coupe hom"
5111112000,5111.11.20.00,5111.11.20.00 (1998-01/2005-11),199801,200511,KGM,KGM (1998-01/2005-11),199801,200511,"Other woven fab carded wool/fine ani hair,>=85% wt wool/hair,mfr men/boy suit etc","Tissu laine/poil fin cardé,>=85% laine/poil en pds,pr fab costume pr hms/garç etc"
5111113010,5111.11.30.10,5111.11.30.10 (1998-01/2005-11),199801,200511,KGM,KGM (1998-01/2005-11),199801,200511,"O woven fab carded wool/fine anml hair,>=85% wt wool/hair,wt<=135g/m_,for apparel","Aut tissu de laine/poil fin cardé,>=85% laine/poils en pds,<=135g/m_,pr vêtements"
5111113020,5111.11.30.20,5111.11.30.20 (1998-01/2005-11),199801,200511,KGM,KGM (1998-01/2005-11),199801,200511,"O woven fab carded wool/fine anml hair,>=85% wt wool/hair,<=135g/m_,for n-apparel","Aut tissu de laine/poil fin cardé,>=85% laine/poils en pds,<=135g/m_,a/q pr vêtem"
5111114000,5111.11.40.00,5111.11.40.00 (2005-12/2018-12),200512,201812,KGM,KGM (2005-12/2018-12),200512,201812,"Woven fab carded wool/fine anml hair,>=85% wool/hair,<=300g/m_,for apparel","Tissus de laine/poil fin cardé,>=85% laine/poils pds,<=300g/m_,pr vêtem"
5111115000,5111.11.50.00,5111.11.50.00 (2005-12/2018-12),200512,201812,KGM,KGM (2005-12/2018-12),200512,201812,"O woven fab carded wool/fine anml hair,>=85% wt wool/hair,<=135g/m_,o/t apparel","Au tissu de laine/poil fin cardé,>=85% laine/poils en pds,<=135g/m_,a/q vêtem"
5111119000,5111.11.90.00,5111.11.90.00 (2005-12/2018-12),200512,201812,KGM,KGM (2005-12/2018-12),200512,201812,"Wov fab carded wool/fine animal hair,>=85%wt wool/hair,>135<=300g/m_,o/t apparel","Tissus laine/poils fins cardés,>=85% laine/poils,>135g/m_<=300g/m_,a/q vêtements"
5111119010,5111.11.90.10,5111.11.90.10 (1988-01/1997-12),198801,199712,KGM,KGM (1988-01/1997-12),198801,199712,"Wov fab carded wool/fine animal hair,>=85% wt wool/hair >135g/m_,<=300,for apparel","Tissus de laine/poils fins cardés,>=85%laine/poils pds,>135g/m_,<=300g/m_,pr vêtem"
5111119010,5111.11.90.10,5111.11.90.10 (1998-01/2005-11),199801,200511,KGM,KGM (1998-01/2005-11),199801,200511,"O woven fab carded wool/fine anml hair,>=85% wool/hair,<=300g/m_,for apparel,nes","Aut tissu de laine/poil fin cardé,>=85%laine/poils pds,<=300g/m_,pr vêtem,nda"
5111119020,5111.11.90.20,5111.11.90.20 (1988-01/2005-11),198801,200511,KGM,KGM (1988-01/2005-11),198801,200511,"Wov fab carded wool/fine animal hair,>=85%wt wool/hair>135g/m_,<=300,for n-apparel","Tissus laine/poils fins cardés,>=85%laine/poils,>135g/m_,<=300g/m_,a/q pour vêtem"
5111190000,5111.19.00.00,5111.19.00.00 (2012-01/9999-12),201201,999912,KGM,KGM (2012-01/9999-12),201201,999912,"Woven fabrics, >=85% by weight of carded wool/fine animal hair, >300 g/m_, nes","Tissus, >=85% en poids de laine/poils fins cardés, >300 g/m_, nda"
5111190010,5111.19.00.10,5111.19.00.10 (1988-01/1997-12),198801,199712,KGM,KGM (1988-01/1997-12),198801,199712,"Wov fab of carded wool/fine animal hair,>=85% wt hair/wool,wt>300g/m_,for apparel","Tissus laine/poils fins cardés,>=85% laine/poils en poids,>300g/m_,pour vêtements"
5111190020,5111.19.00.20,5111.19.00.20 (1988-01/1997-12),198801,199712,KGM,KGM (1988-01/1997-12),198801,199712,"Wov fab carded wool/fine animal hair,>=85% wt wool/hair,wt >300g/m_,for n-apparel","Tissus laine/poils fins cardés,>=85% laine/poils en pds,>300g/m_,a/q pr vêtements"
5111191010,5111.19.10.10,5111.19.10.10 (1998-01/2011-12),199801,201112,KGM,KGM (1998-01/2011-12),199801,201112,"Hand woven tweed card wool/fine anml hair,>=85% wt hair/wool,wt>300g/m_,apparel","Tissus tweed tissé à main cardé,>=85% laine/poils en pds,>300g/m_,pour vêtements"
5111191020,5111.19.10.20,5111.19.10.20 (1998-01/2011-12),199801,201112,KGM,KGM (1998-01/2011-12),199801,201112,"Billiard cloth of carded wool/fine anml hair>=85%, for mfr/rep billiard table","Tissu de billard,>=85% de laine/poil fin cardé, pr fab/rép table billard"
5111191030,5111.19.10.30,5111.19.10.30 (1999-01/2011-12),199901,201112,KGM,KGM (1999-01/2011-12),199901,201112,"Wov fab of card wool/fine anml hair,>=95% wt hair/wool,nes,f men's tailor coat","Tis laine/poil fin card,>=95% laine/poil en pds,nda,pr fab manteau coupe homme"
5111191090,5111.19.10.90,5111.19.10.90 (1998-01/1998-12),199801,199812,KGM,KGM (1998-01/1998-12),199801,199812,"Wov fab of card wool/fine anml hair,>=95% wt hair/wool,nes,f men's tailor coat","Tis laine/poil fin card,>=95% laine/poil en pds,nda,pr fab manteau coupe homme"
5111192000,5111.19.20.00,5111.19.20.00 (1998-01/2011-12),199801,201112,KGM,KGM (1998-01/2011-12),199801,201112,"Wov fab of carded wool/fine anml hair,>=95% wt virgin wool,wt<=500g/m_ etc","Tissus laine/poils fins cardés,>=95% poids laine vierge,<=500g/m_ etc"
5111193100,5111.19.31.00,5111.19.31.00 (1998-01/2011-12),199801,201112,KGM,KGM (1998-01/2011-12),199801,201112,"Wov fab card wool/fine anml hair,>=85%,wt>300<=400g/m_,>=$7.89/m_,mfr suits,etc","Tis laine/poil fin cardé,>=85% en pds,>300m<=400g/m_,>=$7,89/m_,fab costume,etc"
5111193200,5111.19.32.00,5111.19.32.00 (1998-01/1999-04),199801,199904,KGM,KGM (1998-01/1999-04),199801,199904,"Wov fab carded wool/fine anml hair,>=85% wt,wt>300g/m_,>=$9.45/m_,mfr suits etc","Tissu laine/poil fin cardé,>=85% en poids,>300g/m_,>=$9.45/m_,fab costume etc"
5111193200,5111.19.32.00,5111.19.32.00 (1999-05/2011-12),199905,201112,KGM,KGM (1999-05/2011-12),199905,201112,"Wov fab carded wool/fine anml hair,>=85% wt,wt>400g/m_,>=$9.45/m_,mfr suits,etc","Tissu laine/poil fin cardé,>=85% en poids,>400g/m_,>=$9,45/m_,fab costume,etc"
5111193900,5111.19.39.00,5111.19.39.00 (1998-01/2011-12),199801,201112,KGM,KGM (1998-01/2011-12),199801,201112,"Wov fab of carded wool/fine anml hair,>=85% wt,wt>300g/m_,mfr men/boy suits,etc","Tissu laine/poil fin cardé,>=85% en poids,>300g/m_,fab costume hms/garç,etc"
5111199010,5111.19.90.10,5111.19.90.10 (1998-01/2011-12),199801,201112,KGM,KGM (1998-01/2011-12),199801,201112,"Wov fab of carded wool/fine anml hair,>= 85% wt,wt > 300 g/m_,for apparel,nes","Tissus laine/poil fin cardé,>=85% laine/poils en poids,>300g/m_,pr vêtements,nda"
5111199020,5111.19.90.20,5111.19.90.20 (1998-01/2011-12),199801,201112,KGM,KGM (1998-01/2011-12),199801,201112,"Wov fab carded wool/fine anml hair,>= 85% wt,wt > 300 g/m_,for o/t apparel,nes","Tissus laine/poil fin cardé,>=85% laine/poils en pds,>300g/m_,a/q vêtement,nda"
5111200000,5111.20.00.00,5111.20.00.00 (2012-01/9999-12),201201,999912,KGM,KGM (2012-01/9999-12),201201,999912,"Woven fabrics, of carded wool/fine animal hair, mix m/s with m-m filaments, nes","Tissus, de laine/poils fins cardés, mélangés p/u avec fil syn/artificielles, nda"
5111201000,5111.20.10.00,5111.20.10.00 (1988-01/1997-12),198801,199712,KGM,KGM (1988-01/1997-12),198801,199712,"Woven fab of carded wool/fine animal hair nes, mixed w m-m filaments,wt<=135g/m_","Tissus laine/poils fins cardés nda,mélangés avec filaments syn/arti,pds<=135g/m_"
5111201100,5111.20.11.00,5111.20.11.00 (1998-01/2005-11),199801,200511,KGM,KGM (1998-01/2005-11),199801,200511,"Woven fab carded wool/fine anml hair nes,mxd w m-m fi,wt<=300g/m_,>=$5.98/m_,etc","Tissu laine/poil fin cardé nda,mél a filament syn/arti,<=300g/m_,>=$5.98/m_,etc"
5111201100,5111.20.11.00,5111.20.11.00 (2005-12/2011-12),200512,201112,KGM,KGM (2005-12/2011-12),200512,201112,"Woven fab carded wool/fine anml hair nes,mxd w m-m fi,wt<=300g/m_","Tissu laine/poil fin cardé nda,mél a filament syn/arti,<=300g/m_"
5111201200,5111.20.12.00,5111.20.12.00 (1998-01/2011-12),199801,201112,KGM,KGM (1998-01/2011-12),199801,201112,"Wov fab card wool/fine anml hair nes,mix w m-m fi,>300 <= 400g/m_,>=$7.89/m_,etc","Tis laine/poil fin cardé,nda,mél a fil syn/arti,>300m,<=400g/m_,>=$7,89/m_,etc"
5111201300,5111.20.13.00,5111.20.13.00 (1998-01/2011-12),199801,201112,KGM,KGM (1998-01/2011-12),199801,201112,"Wov fab card wool/fine anml hair nes,mix w m-m fi,wt > 400 g/m_,>= $9.45/m_,etc","Tissus laine/poil fin cardé,nda,mél a filament syn/arti,>400g/m_,>=$9,45/m_,etc"
5111201800,5111.20.18.00,5111.20.18.00 (1998-01/2005-11),199801,200511,KGM,KGM (1998-01/2005-11),199801,200511,"Wov fab card wool/fine anml hair nes,mxd w m-m filaments,wt<=300g/m_, etc","Tissu laine/poil fin cardé nda,mél a filament syn/arti,<=300g/m_, etc"
5111201900,5111.20.19.00,5111.20.19.00 (1998-01/2011-12),199801,201112,KGM,KGM (1998-01/2011-12),199801,201112,"O wov fab of card wool/fine anml hair nes, mixed w m-m filaments,wt >300g/m_,etc","Autres tissu laine/poil fin cardé nda,mél a filament syn/arti,pds >300g/m_,etc"
5111202000,5111.20.20.00,5111.20.20.00 (1998-01/2005-11),199801,200511,KGM,KGM (1998-01/2005-11),199801,200511,"O wov fab card wool/fine anml hair,in the grey,mix w m-m filament,wt<=135g/m_","Aut tissu laine/poil fin cardé,""in the grey"",mél a fil syn/arti,pds<=135g/m_"
5111202100,5111.20.21.00,5111.20.21.00 (2005-12/2011-12),200512,201112,KGM,KGM (2005-12/2011-12),200512,201112,"O wov fab card wool/fine anml hair,in the grey,mix w m-m fi,wt<=135g/m_,f appar","Au tissus laine/poil fin card,""in the grey"",mél fil syn/arti,<=135g/m_,pr vêtem"
5111202900,5111.20.29.00,5111.20.29.00 (2005-12/2011-12),200512,201112,KGM,KGM (2005-12/2011-12),200512,201112,"O wov fab card wool/fine anml hair,in grey,mix w m-m fi,wt<=135g/m_,o/t appar","Au tis laine/poil fin card,""in the grey"",mél fil syn/arti,<=135g/m_,a/q vêtem"
5111209100,5111.20.91.00,5111.20.91.00 (1988-01/1997-12),198801,199712,KGM,KGM (1988-01/1997-12),198801,199712,"Woven fab carded wool/fine animal hair nes,mxd w m-m filaments,wt >135g/m_,<=300","Tissus laine/poils fins cardés nda,mél avec filaments syn/arti,>135g/m_,<=300g/m_"
5111209100,5111.20.91.00,5111.20.91.00 (1998-01/2011-12),199801,201112,KGM,KGM (1998-01/2011-12),199801,201112,"Woven fab carded wool/fine animal hair nes,mxd w m-m filaments,wt<=300g/m_","Tissus laine/poils fins cardés nda,mél avec filaments syn/arti, poids<=300g/m_"
5111209200,5111.20.92.00,5111.20.92.00 (1988-01/1997-12),198801,199712,KGM,KGM (1988-01/1997-12),198801,199712,"Woven fab of carded wool/fine animal hair nes, mixed w m-m filaments,wt >300g/m_","Tissus laine/poils fins cardés nda,mélangés avec filaments syn/arti,pds >300g/m_"
5111209200,5111.20.92.00,5111.20.92.00 (1998-01/2011-12),199801,201112,KGM,KGM (1998-01/2011-12),199801,201112,"Woven fab of carded wool/fine animal hair nes, mixed w m-m filaments,wt >300g/m_","Tissus laine/poils fins cardés nda,mélangés avec filaments syn/arti,pds >300g/m_"
5111300000,5111.30.00.00,5111.30.00.00 (2012-01/9999-12),201201,999912,KGM,KGM (2012-01/9999-12),201201,999912,"Woven fabrics,of carded wool/fine animal hair, mixed m/s w m-m staple fibres,nes","Tissus, de laine/poils fins cardés, mélangés p/u avec fibre syn/arti disc,nda"
5111301000,5111.30.10.00,5111.30.10.00 (1988-01/1997-12),198801,199712,KGM,KGM (1988-01/1997-12),198801,199712,"Wov fab of carded wool/fine animal hair nes, mxd w m-m staple fibres,wt<=135g/m_","Tissus laine/poils fins cardés nda,mél avec fib syn/arti discontinues,<=135g/m_"
5111301100,5111.30.11.00,5111.30.11.00 (1998-01/2011-12),199801,201112,KGM,KGM (1998-01/2011-12),199801,201112,"Wov fab card wool/fine anml hair nes,mix w m-m stpl fib,<=300g/m_,>=$5.98m_,etc","Tissus laine/poil fin cardé,nda,mél a fib syn/arti disc,<=300g/m_,>=$5,98m_,etc"
5111301200,5111.30.12.00,5111.30.12.00 (1998-01/2011-12),199801,201112,KGM,KGM (1998-01/2011-12),199801,201112,"Wov fab card wool/fine anml hair nes,mix w m-m stpl fib,wt >300<=400g/m_,etc","Tissu laine/poil fin cardé nda,mél a fib syn/arti disc,poids >300 <=400g/m_,etc"
5111301300,5111.30.13.00,5111.30.13.00 (1998-01/2011-12),199801,201112,KGM,KGM (1998-01/2011-12),199801,201112,"Wov fab card wool/fine anml hair nes,mix w m-m stpl fib,wt >400g/m_,$9.45/m_,etc","Tissu laine/poil fin cardé nda,mél a fib syn/arti disc,pds>400g/m_,$9,45/m_,etc"
5111301800,5111.30.18.00,5111.30.18.00 (1998-01/2011-12),199801,201112,KGM,KGM (1998-01/2011-12),199801,201112,"Wov fab card wool/fine anml hair nes,mxd w m-m staple fib,wt<=300g/m_ etc","Tissu laine/poil fin cardé nda,mél a fib syn/arti disc,<=300g/m_ etc"
5111301900,5111.30.19.00,5111.30.19.00 (1998-01/2011-12),199801,201112,KGM,KGM (1998-01/2011-12),199801,201112,"Wov fab card wool/fine anml hair nes,mixed w m-m staple fib,wt >300g/m_,etc","Tissus laine/poils fins cardés nda,mél a fib syn/arti disc,poids >300g/m_, etc"
5111302000,5111.30.20.00,5111.30.20.00 (1998-01/2005-11),199801,200511,KGM,KGM (1998-01/2005-11),199801,200511,"Wov fab of carded wool/fine animal hair nes, mxd w m-m staple fibres,wt<=135g/m_","Tissus laine/poils fins cardés nda,mél avec fib syn/arti discontinues,<=135g/m_"
5111302100,5111.30.21.00,5111.30.21.00 (2005-12/2011-12),200512,201112,KGM,KGM (2005-12/2011-12),200512,201112,"Wov fab carded wool/fine animal hair,mix w m-m staple fib,wt<=135g/m_,for appar","Tis laine/poils fins cardés,mél a fib syn/arti discontinues,<=135g/m_,pr vêtem"
5111302900,5111.30.29.00,5111.30.29.00 (2005-12/2011-12),200512,201112,KGM,KGM (2005-12/2011-12),200512,201112,"Wov fab carded wool/fine animal hair,mix w m-m staple fib,wt<=135g/m_,o/t appar","Tis laine/poils fins cardés,mél a fib syn/arti discontinues,<=135g/m_,a/q vêtem"
5111303000,5111.30.30.00,5111.30.30.00 (2000-08/2011-12),200008,201112,KGM,KGM (2000-08/2011-12),200008,201112,"Billiard cloth, mix w nylon stpl fib, wt >300g/m_, f mfr/rep billiard table","Tissus billiard,mél a fib disc de nylon, pds >300 g/m_,pr fab/rép table billiard"
5111309100,5111.30.91.00,5111.30.91.00 (1988-01/1997-12),198801,199712,KGM,KGM (1988-01/1997-12),198801,199712,"Woven fab carded wool/fine animal hair nes,mxd w m-m staple fib,wt >135g/m_,<=300","Tissus laine/poils fins cardés nda,mél avec fib syn/arti disc,>135g/m_,<=300g/m_"
5111309100,5111.30.91.00,5111.30.91.00 (1998-01/2011-12),199801,201112,KGM,KGM (1998-01/2011-12),199801,201112,"Wov fab card wool/fine anml hair nes,mxd w m-m staple fib,wt<=300g/m_","Tissus laine/poils fins cardés nda,mél avec fib syn/arti disc,<=300g/m_"
5111309200,5111.30.92.00,5111.30.92.00 (1988-01/1997-12),198801,199712,KGM,KGM (1988-01/1997-12),198801,199712,"Woven fab carded wool/fine animal hair nes, mixed w m-m staple fib,wt >300g/m_","Tissus laine/poils fins cardés nda,mél avec fib syn/arti disc,poids >300g/m_"
5111309200,5111.30.92.00,5111.30.92.00 (1998-01/2000-07),199801,200007,KGM,KGM (1998-01/2000-07),199801,200007,"Woven fab carded wool/fine animal hair nes, mixed w m-m staple fib,wt >300g/m_","Tissus laine/poils fins cardés nda,mél avec fib syn/arti disc,poids >300g/m_"
5111309200,5111.30.92.00,5111.30.92.00 (2000-08/2011-12),200008,201112,KGM,KGM (2000-08/2011-12),200008,201112,"Woven fab carded wool/fine animal hair nes, mixed w m-m staple fib,wt >300g/m_","Tissus laine/poils fins cardés nda,mél avec fib syn/arti disc,poids >300g/m_"
5111900000,5111.90.00.00,5111.90.00.00 (2012-01/9999-12),201201,999912,KGM,KGM (2012-01/9999-12),201201,999912,"Woven fabrics, of carded wool/fine animal hair, nes","Tissus, de laine/poils fins cardés, nda"
5111901000,5111.90.10.00,5111.90.10.00 (1988-01/1997-12),198801,199712,KGM,KGM (1988-01/1997-12),198801,199712,"Woven fab of carded wool/fine animal hair, nes, wt<=135g/m_","Tissus de laine ou de poils fins cardés, nda, poids<=135g/m_"
5111901000,5111.90.10.00,5111.90.10.00 (1998-01/2005-11),199801,200511,KGM,KGM (1998-01/2005-11),199801,200511,"Woven fab sole of blended wool/cotton,wt<=150g/m_,having>=275 warp&weft/10cm,etc","Tissu unique laine/cot,poids<=150g/m_,ayant>=275 fils chaîne/las trame/10cm,etc"
5111902100,5111.90.21.00,5111.90.21.00 (1998-01/2005-11),199801,200511,KGM,KGM (1998-01/2005-11),199801,200511,"Wov fab card wool/fine anml hair, nes,wt<=300g/m_,>=$5.98/m_,mfr suits,etc","Tissu laine/poil fin cardé,nda,pds<=300g/m_,>=$5.98/m_,fab costume,etc"
5111902200,5111.90.22.00,5111.90.22.00 (1998-01/2005-11),199801,200511,KGM,KGM (1998-01/2005-11),199801,200511,"Wov fab card wool/fine anml hair,nes,wt >300 b<=400g/m_,>=$7.89/m_,mfr suits etc","Tissu laine/poil fin cardé,nda,poids >300 m<=400g/m_,>=$7.89/m_,fab costume,etc"
5111902300,5111.90.23.00,5111.90.23.00 (1998-01/2005-11),199801,200511,KGM,KGM (1998-01/2005-11),199801,200511,"Wov fab card wool/fine anml hair,nes,wt >400g/m_,>=$9.45/m_,mfr suits,etc","Tissu laine/poil fin cardé,nda,poids >400g/m_,>=$9.45/m_,fab costume,etc"
5111902800,5111.90.28.00,5111.90.28.00 (1998-01/2005-11),199801,200511,KGM,KGM (1998-01/2005-11),199801,200511,"Woven fab of carded wool/fine animal hair,nes,wt<=300g/m_,mfr suits etc","Tissus de laine ou de poils fins cardés, nda, poids<=300g/m_,fab costume etc"
5111902900,5111.90.29.00,5111.90.29.00 (1998-01/2005-11),199801,200511,KGM,KGM (1998-01/2005-11),199801,200511,"Woven fab of carded wool/fine animal hair, nes, wt >300g/m_,mfr suits etc","Tissus de laine ou de poils fins cardés, nda, poids >300g/m_,fab costume, etc"
5111903000,5111.90.30.00,5111.90.30.00 (1998-01/2005-11),199801,200511,KGM,KGM (1998-01/2005-11),199801,200511,"Other woven fab, in the grey, of carded wool/fine animal hair, nes, wt<=135g/m_","Autres tissus, ""in the grey"", de laine/de poils fins cardés, nda, poids<=135g/m_"
5111904000,5111.90.40.00,5111.90.40.00 (2005-12/2011-12),200512,201112,KGM,KGM (2005-12/2011-12),200512,201112,"Woven fab of carded wool/fine animal hair,for manufacture of apparel","Tissus de laine ou de poils fins cardés, pour fabrication de vêtements"
5111905000,5111.90.50.00,5111.90.50.00 (2005-12/2011-12),200512,201112,KGM,KGM (2005-12/2011-12),200512,201112,"Other woven fab, in the grey, of carded wool/fine animal hair, nes, wt<=135g/m_","Autres tissus, ""in the grey"", de laine/de poils fins cardés, nda, poids<=135g/m_"
5111909100,5111.90.91.00,5111.90.91.00 (1988-01/1997-12),198801,199712,KGM,KGM (1988-01/1997-12),198801,199712,"Woven fab of carded wool/fine animal hair, nes, wt >135g/m_,<=300","Tissus de laine ou de poils fins cardés, nda, poids >135g/m_ mais<=300g/m_"
5111909100,5111.90.91.00,5111.90.91.00 (1998-01/2005-11),199801,200511,KGM,KGM (1998-01/2005-11),199801,200511,"Woven fab of carded wool/fine animal hair, nes, wt<=300g/m_","Tissus de laine ou de poils fins cardés, nda, poids<=300g/m_"
5111909100,5111.90.91.00,5111.90.91.00 (2005-12/2011-12),200512,201112,KGM,KGM (2005-12/2011-12),200512,201112,"Woven fab of carded wool/fine animal hair, nes, wt<=300g/m_","Tissus de laine ou de poils fins cardés, nda, poids<=300g/m_"
5111909200,5111.90.92.00,5111.90.92.00 (1988-01/1997-12),198801,199712,KGM,KGM (1988-01/1997-12),198801,199712,"Woven fab of carded wool/fine animal hair, nes, wt >300g/m_","Tissus de laine ou de poils fins cardés, nda, poids >300g/m_"
5111909200,5111.90.92.00,5111.90.92.00 (1998-01/2005-11),199801,200511,KGM,KGM (1998-01/2005-11),199801,200511,"Woven fab of carded wool/fine animal hair, nes, wt >300g/m_","Tissus de laine ou de poils fins cardés, nda, poids >300g/m_"
5111909200,5111.90.92.00,5111.90.92.00 (2005-12/2011-12),200512,201112,KGM,KGM (2005-12/2011-12),200512,201112,"Woven fab of carded wool/fine animal hair, nes, wt >300g/m_","Tissus de laine ou de poils fins cardés, nda, poids >300g/m_"
5112110010,5112.11.00.10,5112.11.00.10 (2012-01/9999-12),201201,999912,KGM,KGM (2012-01/9999-12),201201,999912,"Woven fab, cont by wt >=85% combed wool/fine animal hair, <=200g/m_, for apparel","Tissus, cont en poids >=85% laine/poils fins peignés, <=200g/m_, pour vêtements"
5112110090,5112.11.00.90,5112.11.00.90 (2012-01/9999-12),201201,999912,KGM,KGM (2012-01/9999-12),201201,999912,"Wov fab, cont by wt >=85% combed wool/fine anml hair, <=200g/m_, o/t f appar, nes","Tissus, cont en poids >=85% laine/poils fins peignés, <=200g/m_, a/q vêtem, nda"
5112111010,5112.11.10.10,5112.11.10.10 (1988-01/2005-11),198801,200511,KGM,KGM (1988-01/2005-11),198801,200511,"Wov fab combed wool/fine animal hair,>=85% wt wool/hair, wt<=135g/m_,for apparel","Tissus laine/poils fins peignés,>=85% laine/poils en pds,<=135g/m_,pour vêtements"
5112111020,5112.11.10.20,5112.11.10.20 (1988-01/2005-11),198801,200511,KGM,KGM (1988-01/2005-11),198801,200511,"Wov fab combed wool/fine animal hair,>=85% wt wool/hair, wt<=135g/m_, non-apparel","Tissus laine/poils fins peignés,>=85% laine/poils en pds,<=135g/m_,a/q pr vêtem"
5112112000,5112.11.20.00,5112.11.20.00 (2001-03/2002-06),200103,200206,KGM,KGM (2001-03/2002-06),200103,200206,"Wov fab sole combed wool w fib diam<=17.5 micron,<=100dtex,wt>=140g/m_,f men suit","Tis unique laine peign,fib a dia<=17,5micron,>=100 dtex,pds>=140g/m_,fab complets"
5112112000,5112.11.20.00,5112.11.20.00 (2002-07/2005-11),200207,200511,KGM,KGM (2002-07/2005-11),200207,200511,"Wov fab sole combed wool w fib diam<=17.5 micron,wt>=140g/m_,f men's suit","Tis unique laine peign,fib a dia<=17,5micron,pds>=140g/m_,fab complets"
5112113000,5112.11.30.00,5112.11.30.00 (2001-03/2005-11),200103,200511,KGM,KGM (2001-03/2005-11),200103,200511,"Wov fab sole comb wool/fine anml hair,wt>=15% fine anml,wt>=140g/m_,f men jackets","Tis unique laine peign/poil fins,pds>=15% poil fin,pds>=140 g/m_,pr fab veston hom"
5112114000,5112.11.40.00,5112.11.40.00 (2001-12/2005-11),200112,200511,KGM,KGM (2001-12/2005-11),200112,200511,"Wov fab,sole comb wool/mix w cot,silk/m-m fib,>=95% worsted wool,etc,f men suits","Tis unique laine peig/mél a cot/soie/fib syn,>=95% laine peig,etc,pr complet hom"
5112115000,5112.11.50.00,5112.11.50.00 (2005-12/2011-12),200512,201112,KGM,KGM (2005-12/2011-12),200512,201112,"Wov fab combed wool/fine animal hair, >=85% wt wool/hair, <=200g/m_, for apparel","Tissus laine/poils fins peignés,>=85%laine/poils pds,<=200g/m_,pour vêtem"
5112116000,5112.11.60.00,5112.11.60.00 (2005-12/2011-12),200512,201112,KGM,KGM (2005-12/2011-12),200512,201112,"Wov fab combed wool/fine animal hair,>=85% wt wool/hair,wt<=135g/m_,o/t apparel","Tissus laine/poils fins peignés,>=85% laine/poils en pds,<=135g/m_,a/q vêtem"
5112119000,5112.11.90.00,5112.11.90.00 (2005-12/2011-12),200512,201112,KGM,KGM (2005-12/2011-12),200512,201112,"Wov fab combed wool/fine anml hair,>=85%wt wool/hair,>135<=200g/m_,o/t appar,nes","Tissus laine/poils fins peignés,>=85% en pds,>135g/m_<=200g/m_,a/q vêtem,nda"
5112119010,5112.11.90.10,5112.11.90.10 (1988-01/2001-02),198801,200102,KGM,KGM (1988-01/2001-02),198801,200102,"Wov fab combed wool/fine animal hair,>=85% wt wool/hair,wt >135g/m_,<=200,apparel","Tissus laine/poils fins peignés,>=85%laine/poils pds,>135g/m_,<=200g/m_,pour vêtem"
5112119010,5112.11.90.10,5112.11.90.10 (2001-03/2001-11),200103,200111,KGM,KGM (2001-03/2001-11),200103,200111,"Wov fab combed wool/fine animal hair,>=85% wt wool/hair,wt >135g/m_,<=200,apparel","Tissus laine/poils fins peignés,>=85%laine/poils pds,>135g/m_,<=200g/m_,pour vêtem"
5112119010,5112.11.90.10,5112.11.90.10 (2001-12/2002-06),200112,200206,KGM,KGM (2001-12/2002-06),200112,200206,"Wov fab combed wool/fine animal hair,>=85% wt wool/hair,wt >135g/m_,<=200,apparel","Tissus laine/poils fins peignés,>=85%laine/poils pds,>135g/m_,<=200g/m_,pour vêtem"
5112119010,5112.11.90.10,5112.11.90.10 (2002-07/2005-11),200207,200511,KGM,KGM (2002-07/2005-11),200207,200511,"Wov fab combed wool/fine animal hair,>=85% wt wool/hair,wt >135g/m_,<=200,apparel","Tissus laine/poils fins peignés,>=85%laine/poils pds,>135g/m_,<=200g/m_,pour vêtem"
5112119020,5112.11.90.20,5112.11.90.20 (1988-01/2005-11),198801,200511,KGM,KGM (1988-01/2005-11),198801,200511,"Wov fab combed wool/fine animal hair,>=85% wt wool/hair, wt >135g/m_,<=200, n-aprl","Tissus laine/poils fins peignés,>=85%laine/poils,>135g/m_,<=200g/m_,a/q pour vêtem"
5112190000,5112.19.00.00,5112.19.00.00 (2017-01/9999-12),201701,999912,KGM,KGM (2017-01/9999-12),201701,999912,"Woven fabrics,containing >= 85% of combed wool/fine animal hair,weight > 200g/m_","Tissus, contenant >=85% en laine/poils fins peignés, d'un poids > 200g/m_"
5112190010,5112.19.00.10,5112.19.00.10 (2012-01/2016-12),201201,201612,KGM,KGM (2012-01/2016-12),201201,201612,"Wov fab cont by wt >=85% cmb wool/fine anml hair,wt>200g/m_, mfr appar o/t unif","Tissus,cont pds>=85% laine/poils fins peignés, pds>200g/m_,pr fab vêtem a/q unif"
5112190090,5112.19.00.90,5112.19.00.90 (2012-01/2016-12),201201,201612,KGM,KGM (2012-01/2016-12),201201,201612,"Woven fab, cont by wt >=85% combed wool/fine animal hair, weight >200 g/m_, nes","Tissus, cont en poids >=85% laine/poils fins peignés, poids >200 g/m_, nda"
5112191000,5112.19.10.00,5112.19.10.00 (1988-01/1997-12),198801,199712,KGM,KGM (1988-01/1997-12),198801,199712,"Billiard cloth of woven combed wool/fine animal hair,>=85% wt wool/hair","Tissus pour billard,de laine ou de poils fins peignés,>=85% laine/poils en poids"
5112191100,5112.19.11.00,5112.19.11.00 (1998-01/2011-12),199801,201112,KGM,KGM (1998-01/2011-12),199801,201112,"Billiard cloth of woven combed wool/fine animal hair>=85%,f mfr/rep billiard tab","Tissus pr billard,>=85% de laine/de poils fins peignés,pr fab/rép table billard"
5112191900,5112.19.19.00,5112.19.19.00 (1998-01/2011-12),199801,201112,KGM,KGM (1998-01/2011-12),199801,201112,"Billiard cloth of woven combed wool/fine animal hair,>=85% wt wool/hair,nes","Tissus pr billard,de laine ou de poils fins peignés,>=85% laine/poils en pds,nda"
5112192000,5112.19.20.00,5112.19.20.00 (2001-03/2002-06),200103,200206,KGM,KGM (2001-03/2002-06),200103,200206,"Wov fab sole combed wool w fib diam<=17.5 micron,<=100dtex,wt<=300g/m_,f men suit","Tis unique laine peign,fib a dia<=17,5micron,>=100 dtex,pds<=300g/m_,fab complets"
5112192000,5112.19.20.00,5112.19.20.00 (2002-07/2006-12),200207,200612,KGM,KGM (2002-07/2006-12),200207,200612,"Wov fab sole combed wool w fib diam<=17.5 micron,wt<=300g/m_,f men's suit","Tis unique laine peign,fib a dia<=17,5micron,pds<=300g/m_,fab complets"
5112192000,5112.19.20.00,5112.19.20.00 (2007-01/2011-12),200701,201112,KGM,KGM (2007-01/2011-12),200701,201112,"Wov fab sole cmb wool,fib diam<=17.5 micron,cmb anml hair>=7%,<=300g/m_,f appar","Tis unique laine peig,fib dia<=17,5micron,poils fins peig >=7%,<=300g/m_,fab vêt"
5112193000,5112.19.30.00,5112.19.30.00 (2001-03/2006-12),200103,200612,KGM,KGM (2001-03/2006-12),200103,200612,"Wov fab sole combed wool/fine anml hair,wt>=15% fine hair,wt<=300g/m_,f men jkt","Tissus unique laine peig/poils fins,>=15% poils fins,<=300g/m_,pr fab veston hom"
5112193000,5112.19.30.00,5112.19.30.00 (2007-01/2011-12),200701,201112,KGM,KGM (2007-01/2011-12),200701,201112,"Wov fab sole combed wool/fine anml hair,wt>=15% fine hair,wt<=300g/m_,mfr apparel","Tissus unique laine peig/poils fins,>=15% poils fins,<=300g/m_,pr fab de vêtements"
5112194000,5112.19.40.00,5112.19.40.00 (2001-12/2006-12),200112,200612,KGM,KGM (2001-12/2006-12),200112,200612,"Wov fab cmb wool/mix sole w cot/silk/m-m fib,>=95% worst wool,<=220g/m_,men suit","Tis unique laine peig,>=95%,mél a cot/soie/fib syn,<=220g/m_,pr complet"
5112194000,5112.19.40.00,5112.19.40.00 (2007-01/2011-12),200701,201112,KGM,KGM (2007-01/2011-12),200701,201112,"Wov fab cmb wool/mix sole w cot/silk/m-m fib,>=95% worsted wool,<=220g/m_,appar","Tis laine peig,laine peig mél a cot/soie/fib syn/arti,>=95%,<=220g/m_,pr vêtem"
5112199110,5112.19.91.10,5112.19.91.10 (1988-01/1997-12),198801,199712,KGM,KGM (1988-01/1997-12),198801,199712,"Wov fab combed wool/fine animal hair,>=85% wt wool/hair,wt >200g/m_,<=300, apparel","Tissus laine/poils fins peignés,>=85%laine/poils pds,>200g/m_,<=300g/m_,pour vêtem"
5112199110,5112.19.91.10,5112.19.91.10 (1998-01/2001-02),199801,200102,KGM,KGM (1998-01/2001-02),199801,200102,"Wov fab combed wool/fine animal hair,>=85% wt wool/hair,wt >200g/m_,<=300, apparel","Tissus laine/poils fins peignés,>=85%laine/poils pds,>200g/m_,<=300g/m_,pour vêtem"
5112199110,5112.19.91.10,5112.19.91.10 (2001-03/2001-11),200103,200111,KGM,KGM (2001-03/2001-11),200103,200111,"Wov fab combed wool/fine animal hair,>=85% wt wool/hair,wt >200g/m_,<=300, apparel","Tissus laine/poils fins peignés,>=85%laine/poils pds,>200g/m_,<=300g/m_,pour vêtem"
5112199110,5112.19.91.10,5112.19.91.10 (2001-12/2002-06),200112,200206,KGM,KGM (2001-12/2002-06),200112,200206,"Wov fab combed wool/fine animal hair,>=85% wt wool/hair,wt >200g/m_,<=300, apparel","Tissus laine/poils fins peignés,>=85%laine/poils pds,>200g/m_,<=300g/m_,pour vêtem"
5112199110,5112.19.91.10,5112.19.91.10 (2002-07/2006-12),200207,200612,KGM,KGM (2002-07/2006-12),200207,200612,"Wov fab combed wool/fine anml hair,>=85% wt wool/hair,wt >200g/m_,<=300,apparel","Tissus laine/poils fins peignés,>=85% laine/poils,>200g/m_<=300g/m_,pr vêtem"
5112199120,5112.19.91.20,5112.19.91.20 (1988-01/1997-12),198801,199712,KGM,KGM (1988-01/1997-12),198801,199712,"Wov fab combed wool/fine animal hair,>=85% wt wool/hair, wt >200g/m_,<=300,n-aprl","Tissus laine/poils fins peignés,>=85%laine/poils,>200g/m_,<=300g/m_,a/q pour vêtem"
5112199120,5112.19.91.20,5112.19.91.20 (1998-01/2006-12),199801,200612,KGM,KGM (1998-01/2006-12),199801,200612,"Wov fab combed wool/fine anml hair,>=85%wt wool/hair,wt>200g/m_,<=300,o/t appar","Tissus laine/poils fins peignés,>=85% laine/poils,>200g/m_<=300g/m_,a/q pr vêtem"
5112199210,5112.19.92.10,5112.19.92.10 (1988-01/2006-12),198801,200612,KGM,KGM (1988-01/2006-12),198801,200612,"Wov fab combed wool/fine animal hair,>=85% wt wool/hair, wt >300g/m_,for apparel","Tissus laine/poils fins peignés,>=85%laine/poils en pds,>300g/m_,pour vêtements"
5112199220,5112.19.92.20,5112.19.92.20 (1988-01/2006-12),198801,200612,KGM,KGM (1988-01/2006-12),198801,200612,"Wov fab combed wool/fine animal hair,>=85% wt wool/hair,wt >300g/m_,o/t apparel","Tissus laine/poils fins peignés,>=85% laine/poils pds,>300g/m_,a/q pr vêtements"
5112199300,5112.19.93.00,5112.19.93.00 (2007-01/2011-12),200701,201112,KGM,KGM (2007-01/2011-12),200701,201112,"Wov fab cmb wool/fine anml hair,>=85% wt wool/hair,wt>200g/m_, mfr appar o/t unif","Tissus laine/poils fins peignés,>=85% laine/poils,>200g/m_, pr fab vêtem a/q unif"
5112199400,5112.19.94.00,5112.19.94.00 (2007-01/2011-12),200701,201112,KGM,KGM (2007-01/2011-12),200701,201112,"Wov fab combed wool/fine anml hair,>=85% wt wool/hair,wt >200 <=300g/m_,nes","Tissus laine/poils fins peignés,>=85% laine/poils,>200g/m_<=300g/m_,nda"
5112199500,5112.19.95.00,5112.19.95.00 (2007-01/2011-12),200701,201112,KGM,KGM (2007-01/2011-12),200701,201112,"Wov fab combed wool/fine animal hair,>=85% wt wool/hair, wt >300 g/m_,nes","Tissus laine/poils fins peignés,>=85% laine/poils en pds,>300 g/m_,nda"
5112200000,5112.20.00.00,5112.20.00.00 (2012-01/9999-12),201201,999912,KGM,KGM (2012-01/9999-12),201201,999912,"Woven fabrics of combed wool/fine animal hair, <85% by wt, mixed with m-m fil","Tissus de laine/poils fins peignés, mélangés avec fil syn/arti, nda"
5112201000,5112.20.10.00,5112.20.10.00 (1988-01/2005-11),198801,200511,KGM,KGM (1988-01/2005-11),198801,200511,"Wov fab combed wool/fine animal hair nes, mxd w m-m filament,wt<=135g/m_","Tissus laine/poils fins peignés nda,mél avec filaments syn/arti,poids<=135g/m_"
5112202000,5112.20.20.00,5112.20.20.00 (2005-12/2011-12),200512,201112,KGM,KGM (2005-12/2011-12),200512,201112,"Wov fab combed wool/fine animal hair nes, mxd w m-m filament,for apparel","Tissus laine/poils fins peignés nda,mél avec filaments syn/arti,pr vêtements"
5112203000,5112.20.30.00,5112.20.30.00 (2005-12/2011-12),200512,201112,KGM,KGM (2005-12/2011-12),200512,201112,"Wov fab combed wool/fine animal hair nes, mxd w m-m filament,wt<=135g/m_","Tissus laine/poils fins peignés nda,mél avec filaments syn/arti,poids<=135g/m_"
5112209100,5112.20.91.00,5112.20.91.00 (1988-01/2005-11),198801,200511,KGM,KGM (1988-01/2005-11),198801,200511,"Wov fab combed wool/fine animal hair nes, mxd w m-m filaments, wt >135g/m_,<=300","Tissus laine/poils fins peig nda,mél avec filaments syn/arti,>135g/m_,<=300g/m_"
5112209100,5112.20.91.00,5112.20.91.00 (2005-12/2011-12),200512,201112,KGM,KGM (2005-12/2011-12),200512,201112,"Wov fab combed wool/fine animal hair nes, mxd w m-m filaments, wt <=300 g/m_","Tissus laine/poils fins peig nda, mél avec filaments syn/arti, <=300g/m_"
5112209200,5112.20.92.00,5112.20.92.00 (1988-01/2005-11),198801,200511,KGM,KGM (1988-01/2005-11),198801,200511,"Wov fab combed wool/fine animal hair nes, mxd w m-m filaments, wt >300g/m_","Tissus laine/poils fins peignés nda,mél avec filaments syn/arti,poids >300g/m_"
5112209200,5112.20.92.00,5112.20.92.00 (2005-12/2011-12),200512,201112,KGM,KGM (2005-12/2011-12),200512,201112,"Wov fab combed wool/fine animal hair nes, mxd w m-m filaments, wt >300g/m_","Tissus laine/poils fins peignés nda,mél avec filaments syn/arti,poids >300g/m_"
5112300000,5112.30.00.00,5112.30.00.00 (2012-01/9999-12),201201,999912,KGM,KGM (2012-01/9999-12),201201,999912,"Woven fabrics of combed wool/fine animal hair, <85% by wt, mixed with m-m fib","Tissus de laine/poils fins peignés, mélangés avec fib syn/arti, nda"
5112301000,5112.30.10.00,5112.30.10.00 (1988-01/1997-12),198801,199712,KGM,KGM (1988-01/1997-12),198801,199712,"Billiard cloth of combed wool/fine animal hair nes, mxd w m-m fibres","Tissus pour billard,de laine ou de poils fins peignés nda,mél avec fib syn/arti"
5112301010,5112.30.10.10,5112.30.10.10 (1998-01/2011-12),199801,201112,KGM,KGM (1998-01/2011-12),199801,201112,"Billiard cloth of cmb wool/fine anml hair,mix m-m stapl fib,mfr/rep billiard tab","Tissu de billard,laine/poil fin peig,mél fib synt/arti, pr fab/rép table billard"
5112301020,5112.30.10.20,5112.30.10.20 (1999-01/2011-12),199901,201112,KGM,KGM (1999-01/2011-12),199901,201112,"Wov fab comb wool/fine anml hair,>=10%metal y,>=65%wool,>=15% flax,f church garm","Tis laine/poil fin peig,>=10% fil métal,>=65% laine,>=15% lin,pr vêt religieux"
5112301090,5112.30.10.90,5112.30.10.90 (1998-01/1998-12),199801,199812,KGM,KGM (1998-01/1998-12),199801,199812,"Wov fab comb wool/fine anml hair,>=10%metal y,>=65%wool,>=15% flax, f church garm","Tissu laine/poil fin peigné,>=10% fil métal,>=65% laine,>=15% lin,pr vêt religieux"
5112302000,5112.30.20.00,5112.30.20.00 (1988-01/1997-12),198801,199712,KGM,KGM (1988-01/1997-12),198801,199712,"Wov fab of combed wool/fine animal hair nes, mxd w m-m fib,wt<=135g/m_","Tissus laine/poils fins peignés nda,mélangés avec fib syn/arti,poids<=135g/m_"
5112302000,5112.30.20.00,5112.30.20.00 (1998-01/2005-11),199801,200511,KGM,KGM (1998-01/2005-11),199801,200511,"O wov fab,in the grey,comb wool/fine anml hair nes,mxd w m-m fib,wt<=135g/m_","Aut tissu,""in the grey"", laine/poil fin peigné nda,mél a fib syn/arti,<=135g/m_"
5112302100,5112.30.21.00,5112.30.21.00 (2005-12/2011-12),200512,201112,KGM,KGM (2005-12/2011-12),200512,201112,"O wov fab,comb wool/fine anml hair, nes,mxd w m-m fib, for apparel","Au tissu, laine/poil fin peigné, nda,mél a fib syn/arti, pour vêtements"
5112302900,5112.30.29.00,5112.30.29.00 (2005-12/2011-12),200512,201112,KGM,KGM (2005-12/2011-12),200512,201112,"O wov fab,comb wool/fine anml hair, nes,mxd w m-m fib, o/t apparel","Au tissu, laine/poil fin peigné, nda,mél a fib syn/arti, a/q vêtements"
5112303000,5112.30.30.00,5112.30.30.00 (1998-01/2011-12),199801,201112,KGM,KGM (1998-01/2011-12),199801,201112,"Billiard cloth of combed wool/fine animal hair, mxd w m-m fibres, nes","Tissus pour billard,de laine ou de poils fins peignés,mél avec fib syn/arti, nda"
5112309100,5112.30.91.00,5112.30.91.00 (1988-01/1997-12),198801,199712,KGM,KGM (1988-01/1997-12),198801,199712,"Woven fab combed wool/fine animal hair nes, mxd w m m fib, wt >135g/m_,<=300","Tissus laine/poils fins peignés nda,mél avec fib syn/arti,poids>135g/m_,<=300g/m_"
5112309100,5112.30.91.00,5112.30.91.00 (1998-01/2011-12),199801,201112,KGM,KGM (1998-01/2011-12),199801,201112,"Wov fab comb wool/fine anml hair nes,mxd w m m fib,wt<=300g/m_","Tissu laine/poil fin peigné nda,mél avec fib syn/arti, poids<=300g/m_"
5112309200,5112.30.92.00,5112.30.92.00 (1988-01/2005-11),198801,200511,KGM,KGM (1988-01/2005-11),198801,200511,"Woven fab combed wool/fine animal hair nes, mixed w m-m fib,wt >300g/m_","Tissus laine/poils fins peignés nda,mélangés avec fibres syn/arti,poids >300g/m_"
5112309300,5112.30.93.00,5112.30.93.00 (2005-12/2011-12),200512,201112,KGM,KGM (2005-12/2011-12),200512,201112,"Woven fab combed wool/fine animal hair, mixed w m-m fib,wt >300g/m_,for appar","Tis laine/poils fins peignés,mélangés a fibres syn/arti,poids >300g/m_,pr vêtem"
5112309400,5112.30.94.00,5112.30.94.00 (2005-12/2011-12),200512,201112,KGM,KGM (2005-12/2011-12),200512,201112,"Woven fab combed wool/fine animal hair nes, mixed w m-m fib,wt >300g/m_","Tissus laine/poils fins peignés nda,mélangés avec fibres syn/arti,poids >300g/m_"
5112900000,5112.90.00.00,5112.90.00.00 (2012-01/9999-12),201201,999912,KGM,KGM (2012-01/9999-12),201201,999912,"Woven fabrics, containing by weight <85% of combed wool/fine animal hair, nes","Tissus, contenant en poids <85% de laine/poils fins peignés, nda"
5112901000,5112.90.10.00,5112.90.10.00 (1988-01/2005-11),198801,200511,KGM,KGM (1988-01/2005-11),198801,200511,"Woven fab combed wool/fine animal hair, nes, wt<=135g/m_","Tissus de laine ou de poils fins peignés, nda, poids<=135g/m_"
5112902000,5112.90.20.00,5112.90.20.00 (2005-12/2011-12),200512,201112,KGM,KGM (2005-12/2011-12),200512,201112,"Woven fab combed wool/fine animal hair, nes, for apparel","Tissus de laine ou de poils fins peignés, nda, pour vêtements"
5112903000,5112.90.30.00,5112.90.30.00 (2005-12/2011-12),200512,201112,KGM,KGM (2005-12/2011-12),200512,201112,"Woven fab combed wool/fine animal hair, nes, wt<=135g/m_","Tissus de laine ou de poils fins peignés, nda, poids<=135g/m_"
5112909100,5112.90.91.00,5112.90.91.00 (1988-01/2005-11),198801,200511,KGM,KGM (1988-01/2005-11),198801,200511,"Woven fab combed wool/fine animal hair nes, wt >135g/m_,<=300","Tissus de laine ou de poils fins peignés nda, poids >135g/m_,<=300g/m_"
5112909100,5112.90.91.00,5112.90.91.00 (2005-12/2011-12),200512,201112,KGM,KGM (2005-12/2011-12),200512,201112,"Woven fab combed wool/fine animal hair nes, wt <=300 g/m_","Tissus de laine ou de poils fins peignés nda, poids <=300g/m_"
5112909200,5112.90.92.00,5112.90.92.00 (1988-01/2005-11),198801,200511,KGM,KGM (1988-01/2005-11),198801,200511,"Woven fab combed wool/fine animal hair nes, wt >300g/m_","Tissus de laine ou de poils fins peignés nda, poids >300g/m_"
5112909200,5112.90.92.00,5112.90.92.00 (2005-12/2011-12),200512,201112,KGM,KGM (2005-12/2011-12),200512,201112,"Woven fab combed wool/fine animal hair nes, wt >300g/m_","Tissus de laine ou de poils fins peignés nda, poids >300g/m_"
5113000000,5113.00.00.00,5113.00.00.00 (1988-01/2005-11),198801,200511,KGM,KGM (1988-01/2005-11),198801,200511,Woven fabrics of coarse animal hair or horsehair,Tissus de poils grossiers ou de crin
5113000000,5113.00.00.00,5113.00.00.00 (2012-01/9999-12),201201,999912,KGM,KGM (2012-01/9999-12),201201,999912,"Woven fabrics, of coarse animal hair or of horsehair","Tissus, de poils grossiers ou de crin"
5113001000,5113.00.10.00,5113.00.10.00 (2005-12/2011-12),200512,201112,KGM,KGM (2005-12/2011-12),200512,201112,"Woven fabrics of coarse animal hair or horsehair, for manufacture of apparel","Tissus de poils grossiers ou de crin, pour fabrication de vêtements"
5113009000,5113.00.90.00,5113.00.90.00 (2005-12/2011-12),200512,201112,KGM,KGM (2005-12/2011-12),200512,201112,"Woven fabrics of coarse animal hair or horsehair, o/t apparel","Tissus de poils grossiers ou de crin, a/q vêtements"
